{"_id":{"$oid":"5e8e9cfcef93ef1a18d1ecaa"},"gname_txt":null,"gsubname":{"$numberDouble":"NaN"},"num_attack":202}
{"_id":{"$oid":"5e8e9cfcef93ef1a18d1ec68"},"gname_txt":null,"gsubname":{"$numberDouble":"NaN"},"num_attack":87}
{"_id":{"$oid":"5e8e9cfcef93ef1a18d1ec8d"},"gname_txt":null,"gsubname":{"$numberDouble":"NaN"},"num_attack":48}
{"_id":{"$oid":"5e8e9cfcef93ef1a18d1ec75"},"gname_txt":null,"gsubname":{"$numberDouble":"NaN"},"num_attack":44}
{"_id":{"$oid":"5e8e9cfcef93ef1a18d1eca7"},"gname_txt":null,"gsubname":{"$numberDouble":"NaN"},"num_attack":42}
{"_id":{"$oid":"5e8e9cfcef93ef1a18d1eca1"},"gname_txt":null,"gsubname":{"$numberDouble":"NaN"},"num_attack":34}
{"_id":{"$oid":"5e8e9cfcef93ef1a18d1ec74"},"gname_txt":null,"gsubname":{"$numberDouble":"NaN"},"num_attack":30}
{"_id":{"$oid":"5e8e9cfcef93ef1a18d1ec61"},"gname_txt":null,"gsubname":{"$numberDouble":"NaN"},"num_attack":22}
{"_id":{"$oid":"5e8e9cfcef93ef1a18d1ec63"},"gname_txt":null,"gsubname":{"$numberDouble":"NaN"},"num_attack":20}
{"_id":{"$oid":"5e8e9cfcef93ef1a18d1ec53"},"gname_txt":null,"gsubname":{"$numberDouble":"NaN"},"num_attack":18}
{"_id":{"$oid":"5e8e9cfcef93ef1a18d1ec58"},"gname_txt":null,"gsubname":{"$numberDouble":"NaN"},"num_attack":15}
{"_id":{"$oid":"5e8e9cfcef93ef1a18d1eca5"},"gname_txt":null,"gsubname":{"$numberDouble":"NaN"},"num_attack":14}
{"_id":{"$oid":"5e8e9cfcef93ef1a18d1ec69"},"gname_txt":null,"gsubname":{"$numberDouble":"NaN"},"num_attack":7}
{"_id":{"$oid":"5e8e9cfcef93ef1a18d1ec9d"},"gname_txt":null,"gsubname":{"$numberDouble":"NaN"},"num_attack":7}
{"_id":{"$oid":"5e8e9cfcef93ef1a18d1eca6"},"gname_txt":null,"gsubname":{"$numberDouble":"NaN"},"num_attack":7}
{"_id":{"$oid":"5e8e9cfcef93ef1a18d1ec77"},"gname_txt":null,"gsubname":{"$numberDouble":"NaN"},"num_attack":7}
{"_id":{"$oid":"5e8e9cfcef93ef1a18d1ec84"},"gname_txt":null,"gsubname":{"$numberDouble":"NaN"},"num_attack":6}
{"_id":{"$oid":"5e8e9cfcef93ef1a18d1ec79"},"gname_txt":null,"gsubname":{"$numberDouble":"NaN"},"num_attack":5}
{"_id":{"$oid":"5e8e9cfcef93ef1a18d1ec5f"},"gname_txt":null,"gsubname":{"$numberDouble":"NaN"},"num_attack":5}
{"_id":{"$oid":"5e8e9cfcef93ef1a18d1ec82"},"gname_txt":null,"gsubname":{"$numberDouble":"NaN"},"num_attack":4}
{"_id":{"$oid":"5e8e9cfcef93ef1a18d1ec83"},"gname_txt":null,"gsubname":"Azanian National Liberation Army","num_attack":4}
{"_id":{"$oid":"5e8e9cfcef93ef1a18d1ec57"},"gname_txt":null,"gsubname":{"$numberDouble":"NaN"},"num_attack":4}
{"_id":{"$oid":"5e8e9cfcef93ef1a18d1ec4e"},"gname_txt":null,"gsubname":{"$numberDouble":"NaN"},"num_attack":3}
{"_id":{"$oid":"5e8e9cfcef93ef1a18d1ec8b"},"gname_txt":null,"gsubname":{"$numberDouble":"NaN"},"num_attack":3}
{"_id":{"$oid":"5e8e9cfcef93ef1a18d1ec8a"},"gname_txt":null,"gsubname":{"$numberDouble":"NaN"},"num_attack":3}
{"_id":{"$oid":"5e8e9cfcef93ef1a18d1ec9a"},"gname_txt":null,"gsubname":{"$numberDouble":"NaN"},"num_attack":3}
{"_id":{"$oid":"5e8e9cfcef93ef1a18d1ec67"},"gname_txt":null,"gsubname":{"$numberDouble":"NaN"},"num_attack":3}
{"_id":{"$oid":"5e8e9cfcef93ef1a18d1ec94"},"gname_txt":null,"gsubname":{"$numberDouble":"NaN"},"num_attack":3}
{"_id":{"$oid":"5e8e9cfcef93ef1a18d1ec88"},"gname_txt":null,"gsubname":{"$numberDouble":"NaN"},"num_attack":3}
{"_id":{"$oid":"5e8e9cfcef93ef1a18d1ec89"},"gname_txt":null,"gsubname":{"$numberDouble":"NaN"},"num_attack":3}
{"_id":{"$oid":"5e8e9cfcef93ef1a18d1ec5b"},"gname_txt":null,"gsubname":{"$numberDouble":"NaN"},"num_attack":3}
{"_id":{"$oid":"5e8e9cfcef93ef1a18d1ec7f"},"gname_txt":null,"gsubname":{"$numberDouble":"NaN"},"num_attack":3}
{"_id":{"$oid":"5e8e9cfcef93ef1a18d1eca0"},"gname_txt":null,"gsubname":{"$numberDouble":"NaN"},"num_attack":3}
{"_id":{"$oid":"5e8e9cfcef93ef1a18d1ecac"},"gname_txt":null,"gsubname":{"$numberDouble":"NaN"},"num_attack":3}
{"_id":{"$oid":"5e8e9cfcef93ef1a18d1ec80"},"gname_txt":null,"gsubname":{"$numberDouble":"NaN"},"num_attack":2}
{"_id":{"$oid":"5e8e9cfcef93ef1a18d1ec56"},"gname_txt":null,"gsubname":{"$numberDouble":"NaN"},"num_attack":2}
{"_id":{"$oid":"5e8e9cfcef93ef1a18d1ec5e"},"gname_txt":null,"gsubname":"Talaa'al al-Fateh","num_attack":2}
{"_id":{"$oid":"5e8e9cfcef93ef1a18d1ec92"},"gname_txt":null,"gsubname":{"$numberDouble":"NaN"},"num_attack":2}
{"_id":{"$oid":"5e8e9cfcef93ef1a18d1ec4b"},"gname_txt":null,"gsubname":{"$numberDouble":"NaN"},"num_attack":2}
{"_id":{"$oid":"5e8e9cfcef93ef1a18d1ec78"},"gname_txt":null,"gsubname":{"$numberDouble":"NaN"},"num_attack":2}
{"_id":{"$oid":"5e8e9cfcef93ef1a18d1ec6e"},"gname_txt":null,"gsubname":{"$numberDouble":"NaN"},"num_attack":2}
{"_id":{"$oid":"5e8e9cfcef93ef1a18d1ec9b"},"gname_txt":null,"gsubname":{"$numberDouble":"NaN"},"num_attack":2}
{"_id":{"$oid":"5e8e9cfcef93ef1a18d1ec9e"},"gname_txt":null,"gsubname":{"$numberDouble":"NaN"},"num_attack":2}
{"_id":{"$oid":"5e8e9cfcef93ef1a18d1ec91"},"gname_txt":null,"gsubname":{"$numberDouble":"NaN"},"num_attack":2}
{"_id":{"$oid":"5e8e9cfcef93ef1a18d1ec64"},"gname_txt":null,"gsubname":{"$numberDouble":"NaN"},"num_attack":2}
{"_id":{"$oid":"5e8e9cfcef93ef1a18d1ec90"},"gname_txt":null,"gsubname":"Palestinian Islamic Jihad","num_attack":2}
{"_id":{"$oid":"5e8e9cfcef93ef1a18d1ec71"},"gname_txt":null,"gsubname":{"$numberDouble":"NaN"},"num_attack":2}
{"_id":{"$oid":"5e8e9cfcef93ef1a18d1eca3"},"gname_txt":null,"gsubname":{"$numberDouble":"NaN"},"num_attack":2}
{"_id":{"$oid":"5e8e9cfcef93ef1a18d1ec8f"},"gname_txt":null,"gsubname":{"$numberDouble":"NaN"},"num_attack":2}
{"_id":{"$oid":"5e8e9cfcef93ef1a18d1ec72"},"gname_txt":null,"gsubname":{"$numberDouble":"NaN"},"num_attack":1}
{"_id":{"$oid":"5e8e9cfcef93ef1a18d1ec5c"},"gname_txt":null,"gsubname":{"$numberDouble":"NaN"},"num_attack":1}
{"_id":{"$oid":"5e8e9cfcef93ef1a18d1ec59"},"gname_txt":null,"gsubname":{"$numberDouble":"NaN"},"num_attack":1}
{"_id":{"$oid":"5e8e9cfcef93ef1a18d1ec70"},"gname_txt":null,"gsubname":{"$numberDouble":"NaN"},"num_attack":1}
{"_id":{"$oid":"5e8e9cfcef93ef1a18d1ec6d"},"gname_txt":null,"gsubname":{"$numberDouble":"NaN"},"num_attack":1}
{"_id":{"$oid":"5e8e9cfcef93ef1a18d1ec97"},"gname_txt":null,"gsubname":{"$numberDouble":"NaN"},"num_attack":1}
{"_id":{"$oid":"5e8e9cfcef93ef1a18d1ec8e"},"gname_txt":null,"gsubname":"Iranian Islamic Jihad","num_attack":1}
{"_id":{"$oid":"5e8e9cfcef93ef1a18d1ec6a"},"gname_txt":null,"gsubname":{"$numberDouble":"NaN"},"num_attack":1}
{"_id":{"$oid":"5e8e9cfcef93ef1a18d1ec9c"},"gname_txt":null,"gsubname":{"$numberDouble":"NaN"},"num_attack":1}
{"_id":{"$oid":"5e8e9cfcef93ef1a18d1ec50"},"gname_txt":null,"gsubname":{"$numberDouble":"NaN"},"num_attack":1}
{"_id":{"$oid":"5e8e9cfcef93ef1a18d1eca9"},"gname_txt":null,"gsubname":{"$numberDouble":"NaN"},"num_attack":1}
{"_id":{"$oid":"5e8e9cfcef93ef1a18d1ec7c"},"gname_txt":null,"gsubname":{"$numberDouble":"NaN"},"num_attack":1}
{"_id":{"$oid":"5e8e9cfcef93ef1a18d1eca8"},"gname_txt":null,"gsubname":{"$numberDouble":"NaN"},"num_attack":1}
{"_id":{"$oid":"5e8e9cfcef93ef1a18d1ec60"},"gname_txt":null,"gsubname":{"$numberDouble":"NaN"},"num_attack":1}
{"_id":{"$oid":"5e8e9cfcef93ef1a18d1ec98"},"gname_txt":null,"gsubname":{"$numberDouble":"NaN"},"num_attack":1}
{"_id":{"$oid":"5e8e9cfcef93ef1a18d1eca2"},"gname_txt":null,"gsubname":{"$numberDouble":"NaN"},"num_attack":1}
{"_id":{"$oid":"5e8e9cfcef93ef1a18d1ec7e"},"gname_txt":null,"gsubname":{"$numberDouble":"NaN"},"num_attack":1}
{"_id":{"$oid":"5e8e9cfcef93ef1a18d1ec65"},"gname_txt":null,"gsubname":{"$numberDouble":"NaN"},"num_attack":1}
{"_id":{"$oid":"5e8e9cfcef93ef1a18d1eca4"},"gname_txt":null,"gsubname":{"$numberDouble":"NaN"},"num_attack":1}
{"_id":{"$oid":"5e8e9cfcef93ef1a18d1ec4f"},"gname_txt":null,"gsubname":{"$numberDouble":"NaN"},"num_attack":1}
{"_id":{"$oid":"5e8e9cfcef93ef1a18d1ec73"},"gname_txt":null,"gsubname":{"$numberDouble":"NaN"},"num_attack":1}
{"_id":{"$oid":"5e8e9cfcef93ef1a18d1ec86"},"gname_txt":null,"gsubname":{"$numberDouble":"NaN"},"num_attack":1}
{"_id":{"$oid":"5e8e9cfcef93ef1a18d1ec6b"},"gname_txt":null,"gsubname":{"$numberDouble":"NaN"},"num_attack":1}
{"_id":{"$oid":"5e8e9cfcef93ef1a18d1ec95"},"gname_txt":null,"gsubname":"Red Eagles","num_attack":1}
{"_id":{"$oid":"5e8e9cfcef93ef1a18d1ec5a"},"gname_txt":null,"gsubname":{"$numberDouble":"NaN"},"num_attack":1}
{"_id":{"$oid":"5e8e9cfcef93ef1a18d1ec6f"},"gname_txt":null,"gsubname":{"$numberDouble":"NaN"},"num_attack":1}
{"_id":{"$oid":"5e8e9cfcef93ef1a18d1ec62"},"gname_txt":null,"gsubname":"Islamic Resistance","num_attack":1}
{"_id":{"$oid":"5e8e9cfcef93ef1a18d1ec81"},"gname_txt":null,"gsubname":{"$numberDouble":"NaN"},"num_attack":1}
{"_id":{"$oid":"5e8e9cfcef93ef1a18d1ec52"},"gname_txt":null,"gsubname":{"$numberDouble":"NaN"},"num_attack":1}
{"_id":{"$oid":"5e8e9cfcef93ef1a18d1ec7b"},"gname_txt":null,"gsubname":{"$numberDouble":"NaN"},"num_attack":1}
{"_id":{"$oid":"5e8e9cfcef93ef1a18d1ec7a"},"gname_txt":null,"gsubname":{"$numberDouble":"NaN"},"num_attack":1}
{"_id":{"$oid":"5e8e9cfcef93ef1a18d1ec51"},"gname_txt":null,"gsubname":{"$numberDouble":"NaN"},"num_attack":1}
{"_id":{"$oid":"5e8e9cfcef93ef1a18d1ec6c"},"gname_txt":null,"gsubname":{"$numberDouble":"NaN"},"num_attack":1}
{"_id":{"$oid":"5e8e9cfcef93ef1a18d1ecab"},"gname_txt":null,"gsubname":{"$numberDouble":"NaN"},"num_attack":1}
{"_id":{"$oid":"5e8e9cfcef93ef1a18d1ecad"},"gname_txt":null,"gsubname":"Lautaro Faction","num_attack":1}
{"_id":{"$oid":"5e8e9cfcef93ef1a18d1ec55"},"gname_txt":null,"gsubname":{"$numberDouble":"NaN"},"num_attack":1}
{"_id":{"$oid":"5e8e9cfcef93ef1a18d1ec4c"},"gname_txt":null,"gsubname":"Fatah-Revolutionary Council","num_attack":1}
{"_id":{"$oid":"5e8e9cfcef93ef1a18d1ec66"},"gname_txt":null,"gsubname":{"$numberDouble":"NaN"},"num_attack":1}
{"_id":{"$oid":"5e8e9cfcef93ef1a18d1ec7d"},"gname_txt":null,"gsubname":"Anti-Imperialist Resistance Cell Nadia Shehadah","num_attack":1}
{"_id":{"$oid":"5e8e9cfcef93ef1a18d1ec9f"},"gname_txt":null,"gsubname":{"$numberDouble":"NaN"},"num_attack":1}
{"_id":{"$oid":"5e8e9cfcef93ef1a18d1ec5d"},"gname_txt":null,"gsubname":{"$numberDouble":"NaN"},"num_attack":1}
{"_id":{"$oid":"5e8e9cfcef93ef1a18d1ec96"},"gname_txt":null,"gsubname":{"$numberDouble":"NaN"},"num_attack":1}
{"_id":{"$oid":"5e8e9cfcef93ef1a18d1ec4d"},"gname_txt":null,"gsubname":{"$numberDouble":"NaN"},"num_attack":1}
{"_id":{"$oid":"5e8e9cfcef93ef1a18d1ec76"},"gname_txt":null,"gsubname":{"$numberDouble":"NaN"},"num_attack":1}
{"_id":{"$oid":"5e8e9cfcef93ef1a18d1ec54"},"gname_txt":null,"gsubname":{"$numberDouble":"NaN"},"num_attack":1}
{"_id":{"$oid":"5e8e9cfcef93ef1a18d1ec87"},"gname_txt":null,"gsubname":"Free Fatherland People's Guerrilla Army","num_attack":1}
{"_id":{"$oid":"5e8e9cfcef93ef1a18d1ec93"},"gname_txt":null,"gsubname":{"$numberDouble":"NaN"},"num_attack":1}
{"_id":{"$oid":"5e8e9cfcef93ef1a18d1ec85"},"gname_txt":null,"gsubname":{"$numberDouble":"NaN"},"num_attack":1}
{"_id":{"$oid":"5e8e9cfcef93ef1a18d1ec8c"},"gname_txt":null,"gsubname":{"$numberDouble":"NaN"},"num_attack":1}
{"_id":{"$oid":"5e8e9cfcef93ef1a18d1ec99"},"gname_txt":null,"gsubname":{"$numberDouble":"NaN"},"num_attack":1}
